genome	#variants	#shared	#unique	shared	unique
MT184910	2	1	1	nsp6_L37F	S_G181V
MT198653	2	2	0	S_D614G,RDRp_P323L	
MT192765	2	2	0	S_D614G,RDRp_P323L	
MT163720	6	4	2	orf8_L84S,helicase_P504L,helicase_Y541C,nsp3_T1022I	nsp3_E229D,S_H655Y
MT198651	5	4	1	orf8_L84S,ORF3a_G196V,N_S197L,nsp4_F308Y	S_S940F
MT198652	4	4	0	orf8_L84S,ORF3a_G196V,N_S197L,nsp4_F308Y	
MT163716	4	1	3	nsp6_L37F	nsp3_M951I,nsp3_A231V,ORF3a_G251V
MT163721	5	4	1	orf8_L84S,helicase_P504L,helicase_Y541C,nsp3_T1022I	M_V70I
MT188341	5	4	1	methyltransferase_S243F,helicase_P504L,helicase_Y541C,orf8_L84S	nsp3_S1106G
MT188339	4	4	0	orf8_L84S,methyltransferase_S243F,helicase_Y541C,helicase_P504L	
MT163719	4	3	1	orf8_L84S,helicase_P504L,helicase_Y541C	endoRNAse_F221L
MT163718	3	3	0	orf8_L84S,helicase_P504L,helicase_Y541C	
MT163717	3	3	0	orf8_L84S,helicase_P504L,helicase_Y541C	
MT159718	1	0	1		N_P46S
MT184913	2	1	1	nsp6_L37F	N_G215S
MT184911	2	1	1	nsp6_L37F	nsp3_T127I
MT159707	1	0	1		nsp3_Q180H
MT192772	1	1	0	proteinase_R60C	
MT192773	1	1	0	proteinase_R60C	
MT184912	1	1	0	nsp6_L37F	
MT188340	1	0	1		helicase_R392C
