pos	ref	MT198651	MT198652	MT198653	MT192759	MT192772	MT192773	MT192765	MT188341	MT188340	MT188339	MT184911	MT184908	MT184910	MT184907	MT184913	MT184912	MT163719	MT163718	MT163721	MT163720	MT163717	MT163716	MT159722	MT159709	MT159708	MT159718	MT159707
3	TAAA	TAAA	TAAA	TAAA	TAAA	TAAA	TAAA	TAAA	TAAA	TAAA	TAAA	TAAA	TAAA	TAAA	TAAA	TAAA	TAAA	TAAA	GGTT	TAAA	TAAA	TAAA	TAAA	TAAA	TAAA	TAAA	TAAA	TAAA
28	C	C	C	C	C	C	T	C	C	C	C	C	C	C	C	C	C	C	C	C	C	C	C	C	C	C	C	C
35	AC	AC	AC	AC	AC	AC	AC	AC	AC	AC	AC	AC	AC	AC	AC	AC	AC	AC	AC	AC	AC	AC	TT	AC	AC	AC	AC	AC
241	C	C	C	T	C	C	C	T	C	C	C	C	C	C	C	C	C	C	C	C	C	C	C	C	C	C	C	C
254	C	C	C	C	C	C	C	C	C	C	C	C	T	T	C	C	C	C	C	C	C	C	C	C	C	C	C	C
514	T	T	T	T	T	T	T	T	T	C	T	T	T	T	T	T	T	T	T	T	T	T	T	T	T	T	T	T
1102	C	C	C	C	C	C	C	C	C	C	T	C	C	C	C	C	C	C	C	C	C	C	C	C	C	C	C	C
2446	T	T	T	T	T	T	T	T	T	T	T	T	T	T	T	T	T	T	T	T	T	T	C	T	T	T	T	T
3037	C	C	C	C	C	C	C	T	C	C	C	C	C	C	C	C	C	C	C	C	C	C	C	C	C	C	C	C
3099	C	C	C	C	C	C	C	C	C	C	C	T	C	C	C	C	C	C	C	C	C	C	C	C	C	C	C	C
3259	G	G	G	G	G	G	G	G	G	G	G	G	G	G	G	G	G	G	G	G	G	G	G	G	G	G	G	T
3406	A	A	A	A	A	A	A	A	A	A	A	A	A	A	A	A	A	A	A	A	C	A	A	A	A	A	A	A
3411	C	C	C	C	C	C	C	C	C	C	C	C	C	C	C	C	C	C	C	C	C	C	T	C	C	C	C	C
5572	G	G	G	G	G	G	G	G	G	G	G	G	G	G	G	G	G	G	G	G	G	G	T	G	G	G	G	G
5784	C	C	C	C	C	C	C	C	C	C	C	C	C	C	C	C	C	C	C	T	T	C	C	C	C	C	C	C
6035	A	A	A	A	A	A	A	A	G	A	A	A	A	A	A	A	A	A	A	A	A	A	A	A	A	A	A	A
8782	C	T	T	C	C	C	C	C	T	C	T	C	C	C	C	C	C	T	T	T	T	T	C	C	C	C	C	C
9157	T	T	T	T	T	T	T	T	T	T	T	T	T	C	T	T	T	T	T	T	T	T	T	T	T	T	T	T
9477	T	A	A	T	T	T	T	T	T	T	T	T	T	T	T	T	T	T	T	T	T	T	T	T	T	T	T	T
10036	C	C	C	C	C	C	C	C	C	C	C	C	C	C	C	C	C	C	C	C	C	C	C	C	C	T	C	C
10232	C	C	C	C	C	T	T	C	C	C	C	C	C	C	C	C	C	C	C	C	C	C	C	C	C	C	C	C
10507	C	C	C	C	C	C	C	C	C	C	C	T	C	C	C	C	C	C	C	C	C	C	C	C	C	C	C	C
11083	G	G	G	G	G	G	G	G	G	G	G	T	G	T	G	T	T	G	G	G	G	G	T	G	G	G	G	G
11410	G	G	G	G	G	G	G	G	G	G	G	G	G	G	G	G	G	G	G	G	G	G	G	A	G	G	G	G
14408	C	C	C	T	C	C	C	T	C	C	C	C	C	C	C	C	C	C	C	C	C	C	C	C	C	C	C	C
14805	C	T	T	C	C	C	C	C	C	C	C	C	C	C	C	C	C	C	C	C	C	C	T	C	C	C	C	C
16467	A	A	A	A	A	A	A	A	G	A	A	A	A	A	A	A	A	A	A	A	A	A	A	A	A	A	A	A
17410	C	C	C	C	C	C	C	C	C	T	C	C	C	C	C	C	C	C	C	C	C	C	C	C	C	C	C	C
17747	C	C	C	C	C	C	C	C	T	C	T	C	C	C	C	C	C	T	T	T	T	T	C	C	C	C	C	C
17858	A	A	A	A	A	A	A	A	G	A	G	A	A	A	A	A	A	G	G	G	G	G	A	A	A	A	A	A
18060	C	C	C	C	C	C	C	C	T	C	T	C	C	C	C	C	C	T	T	T	T	T	C	C	C	C	C	C
18814	C	C	C	C	C	C	C	T	C	C	C	C	C	C	C	C	C	C	C	C	C	C	C	C	C	C	C	C
20268	A	A	A	G	A	A	A	A	A	A	A	A	A	A	A	A	A	A	A	A	A	A	A	A	A	A	A	A
20281	T	T	T	T	T	T	T	T	T	T	T	T	T	T	T	T	T	C	T	T	T	T	T	T	T	T	T	T
20580	G	G	G	G	G	G	G	G	G	G	G	G	G	G	G	G	G	G	G	T	G	G	G	G	G	G	G	G
21147	T	T	T	T	T	T	T	T	T	T	C	T	T	T	T	T	T	T	T	T	T	T	T	T	T	T	T	T
21386	C	C	C	C	C	C	C	C	T	C	T	C	C	C	C	C	C	C	C	C	C	C	C	C	C	C	C	C
22104	G	G	G	G	G	G	G	G	G	G	G	G	G	T	G	G	G	G	G	G	G	G	G	G	G	G	G	G
22432	C	C	C	C	C	C	C	C	C	C	T	C	C	C	C	C	C	C	C	C	C	C	C	C	C	C	C	C
23185	C	C	C	C	C	C	C	C	T	C	C	C	C	C	C	C	C	C	C	C	C	C	C	C	C	C	C	C
23403	A	A	A	G	A	A	A	G	A	A	A	A	A	A	A	A	A	A	A	A	A	A	A	A	A	A	A	A
23525	C	C	C	C	C	C	C	C	C	C	C	C	C	C	C	C	C	C	C	C	T	C	C	C	C	C	C	C
24381	C	T	C	C	C	C	C	C	C	C	C	C	C	C	C	C	C	C	C	C	C	C	C	C	C	C	C	C
25979	G	T	T	G	G	G	G	G	G	G	G	G	G	G	G	G	G	G	G	G	G	G	G	G	G	G	G	G
26144	G	G	G	G	G	G	G	G	G	G	G	G	G	G	G	G	G	G	G	G	G	G	T	G	G	G	G	G
26326	C	C	C	C	C	C	C	C	C	C	C	C	C	C	C	C	C	C	C	C	C	C	C	T	C	C	C	C
26730	G	G	G	G	G	G	G	G	G	G	G	G	G	G	G	G	G	G	G	A	G	G	G	G	G	G	G	G
28144	T	C	C	T	T	T	T	T	C	T	C	T	T	T	T	T	T	C	C	C	C	C	T	T	T	T	T	T
28378	G	G	G	G	G	G	G	G	G	G	G	T	G	G	G	G	G	G	G	G	G	G	G	G	G	G	G	G
28409	C	C	C	C	C	C	C	C	C	C	C	C	C	C	C	C	C	C	C	C	C	C	C	C	C	C	T	C
28657	C	T	T	C	C	C	C	C	C	C	C	C	C	C	C	C	C	C	C	C	C	C	C	C	C	C	C	C
28863	C	T	T	C	C	C	C	C	C	C	C	C	C	C	C	C	C	C	C	C	C	C	C	C	C	C	C	C
28916	G	G	G	G	G	G	G	G	G	G	G	G	G	G	G	A	G	G	G	G	G	G	G	G	G	G	G	G
29635	C	C	C	C	C	C	C	C	C	C	C	C	C	C	C	C	C	C	C	C	C	C	C	C	T	C	C	C
29736	G	G	G	G	G	G	G	G	G	G	G	G	T	T	G	G	G	G	G	G	G	G	G	G	G	G	T	G
29751	G	G	G	G	G	G	G	G	G	G	G	G	C	C	G	G	G	G	G	G	G	G	G	G	G	G	G	G
29837	C	C	C	C	C	C	C	C	C	C	A	C	C	C	C	C	C	C	C	C	C	C	C	C	C	C	C	C
29837	CC	CC	CC	CC	CC	CC	CC	CC	AG	CC	CC	CC	CC	CC	CC	CC	CC	CC	CC	CC	CC	CC	CC	CC	CC	CC	CC	CC
29849	A	A	A	A	A	A	A	A	G	A	A	A	A	A	A	A	A	A	A	A	A	A	A	A	A	A	A	A
29851	T	T	T	T	T	T	T	T	G	T	T	T	T	T	T	T	T	T	T	T	T	T	T	T	T	T	T	T
29853	G	G	G	G	G	G	G	G	A	G	G	G	G	G	G	G	G	G	G	G	G	G	G	G	G	G	G	G
29855	T	T	T	T	T	T	T	T	C	T	T	T	T	T	T	T	T	T	T	T	T	T	T	T	T	T	T	T
29859	TAGG	TAGG	TAGG	TAGG	TAGG	TAGG	TAGG	TAGG	CGAA	TAGG	TAGG	TAGG	TAGG	TAGG	TAGG	TAGG	TAGG	TAGG	TAGG	TAGG	TAGG	TAGG	TAGG	TAGG	TAGG	TAGG	TAGG	TAGG
29864	G	G	G	G	G	G	G	G	A	G	G	G	G	G	G	G	G	G	G	A	G	G	A	G	G	G	G	G
29867	TG	TG	TG	TG	TG	TG	TG	TG	AA	TG	TG	TG	TG	TG	TG	TG	TG	TG	TG	AA	TG	AA	AA	TG	TG	TG	TG	TG
29870	C	C	C	C	C	C	C	C	A	C	C	C	C	C	C	C	C	C	C	A	C	A	A	C	C	C	C	C
29885	A	A	A	A	A	A	A	A	G	A	A	A	A	A	A	A	A	A	A	A	A	A	A	A	A	A	A	A
29889	AA	AA	AA	AA	AA	AA	AA	AA	GG	AA	AA	AA	AA	AA	AA	AA	AA	AA	AA	AA	AA	AA	AA	AA	AA	AA	AA	AA
