type,1397,1440,2891,3037,8782,14408,23403,26144,28144,28688
ST1,G,G,G,C,C,C,A,G,T,T
ST2,G,G,G,C,C,C,A,G,C,T
ST3,G,G,G,C,T,C,A,G,C,T
ST4,A,G,G,C,C,C,A,G,T,C
ST5,G,G,G,C,C,C,A,T,T,T
ST6,G,G,G,T,C,C,G,G,T,T
ST7,G,G,G,C,C,C,A,T,C,T
ST8,G,G,G,C,T,C,G,G,C,T
ST9,G,G,G,C,T,C,A,G,T,T
ST10,G,G,G,T,C,T,G,G,T,T
ST11,G,G,G,T,T,T,G,G,T,T
ST12,G,A,A,C,C,C,A,G,T,T
ST13,A,G,G,C,C,C,A,G,T,T
ST14,G,G,G,T,C,C,A,G,T,T
ST15,G,G,G,C,T,T,A,G,C,T
ST16,G,G,G,C,C,T,G,G,T,T
ST17,G,G,G,T,C,T,A,G,T,T
ST18,G,G,G,C,C,C,G,G,T,T