id	#var	#shared	#unique	shared	unique
MT159718	1	0	1		N_P46S
MT159707	1	0	1		nsp3_Q180H
MT192772	1	1	0	proteinase_R60C	
MT192773	1	1	0	proteinase_R60C	
MT184912	1	1	0	nsp6_L37F	
MT188340	1	0	1		helicase_R392C
MT184910	2	1	1	nsp6_L37F	S_G181V
MT198653	2	2	0	S_D614G,RDRp_P323L	
MT192765	2	2	0	S_D614G,RDRp_P323L	
MT184913	2	1	1	nsp6_L37F	N_G215S
MT184911	2	1	1	nsp6_L37F	nsp3_T127I
MT163718	3	3	0	orf8_L84S,helicase_P504L,helicase_Y541C	
MT163717	3	3	0	orf8_L84S,helicase_P504L,helicase_Y541C	
MT198652	4	4	0	orf8_L84S,orf3a_G196V,nsp4_F308Y,N_S197L	
MT163716	4	1	3	nsp6_L37F	orf3a_G251V,nsp3_M951I,nsp3_A231V
MT188339	4	4	0	orf8_L84S,methyltransferase_S243F,helicase_P504L,helicase_Y541C	
MT163719	4	3	1	orf8_L84S,helicase_P504L,helicase_Y541C	endoRNAse_F221L
MT198651	5	4	1	orf8_L84S,N_S197L,nsp4_F308Y,orf3a_G196V	S_S940F
MT163721	5	4	1	orf8_L84S,helicase_P504L,nsp3_T1022I,helicase_Y541C	M_V70I
MT188341	5	4	1	orf8_L84S,methyltransferase_S243F,helicase_P504L,helicase_Y541C	nsp3_S1106G
416496	6	2	4	S_D614G,RDRp_P323L	E_D72G,orf3a_Q57H,orf7a_E33*,nsp2_T85I
MT163720	6	4	2	orf8_L84S,helicase_P504L,nsp3_T1022I,helicase_Y541C	nsp3_E229D,S_H655Y
