protein_id	name	position	ref_base	variant_base	old_codon	new_codon	aa_change	type	freq	genomes
YP_009724390.1	S	22104	G	T	GGA	GTA	G181V	N	1	MT184910
YP_009724390.1	S	22432	C	T	GAC	GAT	D290D	S	1	MT188339
YP_009724390.1	S	23185	C	T	TTC	TTT	F541F	S	1	MT188341
YP_009724390.1	S	23403	A	G	GAT	GGT	D614G	N	3	MT198653,MT192765,416496
YP_009724390.1	S	23525	C	T	CAT	TAT	H655Y	N	1	MT163720
YP_009724390.1	S	24381	C	T	TCC	TTC	S940F	N	1	MT198651
YP_009724391.1	orf3a	25563	G	T	CAG	CAT	Q57H	N	1	416496
YP_009724391.1	orf3a	25979	G	T	GGA	GTA	G196V	N	2	MT198651,MT198652
YP_009724391.1	orf3a	26144	G	T	GGT	GTT	G251V	N	1	MT163716
YP_009724392.1	E	26326	C	T	CTA	TTA	L28L	S	1	MT159722
YP_009724392.1	E	26459	A	G	GAT	GGT	D72G	N	1	416496
YP_009724393.1	M	26730	G	A	GTT	ATT	V70I	N	1	MT163721
YP_009724395.1	orf7a	27490	G	T	GAA	TAA	E33*	N	1	416496
YP_009724396.1	orf8	28144	T	C	TTA	TCA	L84S	N	9	MT198651,MT198652,MT188341,MT188339,MT163719,MT163718,MT163721,MT163720,MT163717
YP_009724397.2	N	28378	G	T	GCG	GCT	A35A	S	1	MT184911
YP_009724397.2	N	28409	C	T	CCC	TCC	P46S	N	1	MT159718
YP_009724397.2	N	28657	C	T	GAC	GAT	D128D	S	2	MT198651,MT198652
YP_009724397.2	N	28863	C	T	TCA	TTA	S197L	N	2	MT198651,MT198652
YP_009724397.2	N	28916	G	A	GGT	AGT	G215S	N	1	MT184913
YP_009725255.1	orf10	29635	C	T	TAC	TAT	Y26Y	S	1	MT159709
YP_009725297.1	leader	514	T	C	CAT	CAC	H83H	S	1	MT188340
YP_009725298.1	nsp2	1059	C	T	ACC	ATC	T85I	N	1	416496
YP_009725298.1	nsp2	1102	C	T	TCC	TCT	S99S	S	1	MT188339
YP_009725298.1	nsp2	2446	T	C	ACT	ACC	T547T	S	1	MT163716
YP_009725299.1	nsp3	3037	C	T	TTC	TTT	F106F	S	2	MT192765,416496
YP_009725299.1	nsp3	3099	C	T	ACT	ATT	T127I	N	1	MT184911
YP_009725299.1	nsp3	3259	G	T	CAG	CAT	Q180H	N	1	MT159707
YP_009725299.1	nsp3	3406	A	C	GAA	GAC	E229D	N	1	MT163720
YP_009725299.1	nsp3	3411	C	T	GCT	GTT	A231V	N	1	MT163716
YP_009725299.1	nsp3	5572	G	T	ATG	ATT	M951I	N	1	MT163716
YP_009725299.1	nsp3	5784	C	T	ACT	ATT	T1022I	N	2	MT163721,MT163720
YP_009725299.1	nsp3	6035	A	G	AGC	GGC	S1106G	N	1	MT188341
YP_009725300.1	nsp4	8782	C	T	AGC	AGT	S76S	S	9	MT198651,MT198652,MT188341,MT188339,MT163719,MT163718,MT163721,MT163720,MT163717
YP_009725300.1	nsp4	9157	T	C	TTT	TTC	F201F	S	1	MT184910
YP_009725300.1	nsp4	9477	T	A	TTT	TAT	F308Y	N	2	MT198651,MT198652
YP_009725300.1	nsp4	10036	C	T	ATC	ATT	I494I	S	1	MT159708
YP_009725301.1	proteinase	10232	C	T	CGT	TGT	R60C	N	2	MT192772,MT192773
YP_009725301.1	proteinase	10507	C	T	AAC	AAT	N151N	S	1	MT184911
YP_009725302.1	nsp6	11083	G	T	TTG	TTT	L37F	N	5	MT184911,MT184910,MT184913,MT184912,MT163716
YP_009725302.1	nsp6	11410	G	A	TTG	TTA	L146L	S	1	MT159722
YP_009725307.1	RDRp	14408	C	T	CCT	CTT	P323L	N	3	MT198653,MT192765,416496
YP_009725307.1	RDRp	14805	C	T	TAC	TAT	Y455Y	S	3	MT198651,MT198652,MT163716
YP_009725308.1	helicase	16467	A	G	CCA	CCG	P77P	S	1	MT188341
YP_009725308.1	helicase	17410	C	T	CGT	TGT	R392C	N	1	MT188340
YP_009725308.1	helicase	17747	C	T	CCT	CTT	P504L	N	7	MT188341,MT188339,MT163719,MT163718,MT163721,MT163720,MT163717
YP_009725308.1	helicase	17858	A	G	TAT	TGT	Y541C	N	7	MT188341,MT188339,MT163719,MT163718,MT163721,MT163720,MT163717
YP_009725309.1	exonuclease	18060	C	T	CTC	CTT	L7L	S	7	MT188341,MT188339,MT163719,MT163718,MT163721,MT163720,MT163717
YP_009725309.1	exonuclease	18814	C	T	CTG	TTG	L259L	S	1	MT192765
YP_009725310.1	endoRNAse	20268	A	G	TTA	TTG	L216L	S	1	MT198653
YP_009725310.1	endoRNAse	20281	T	C	TTC	CTC	F221L	N	1	MT163719
YP_009725310.1	endoRNAse	20580	G	T	GTG	GTT	V320V	S	1	MT163721
YP_009725311.1	methyltransferase	21147	T	C	CTT	CTC	L163L	S	1	MT188339
YP_009725311.1	methyltransferase	21386	C	T	TCT	TTT	S243F	N	2	MT188341,MT188339
